DROP DATABASE IF EXISTS OKAPI;
CREATE DATABASE OKAPI;
USE OKAPI;

CREATE TABLE TRABAJADOR(
NSS CHAR(12) PRIMARY KEY,
NOMBRE_T VARCHAR(50),
APELLIDO_T VARCHAR(50),
TELEFONO_T CHAR(9),
CORREO_T VARCHAR(100)
);

CREATE TABLE CLIENTE(
DNI CHAR(9) PRIMARY KEY,
NOMBRE_C VARCHAR(50),
APELLIDO_C VARCHAR(50),
TELEFONO_C CHAR(9),
CORREO_C VARCHAR(100),
DIRECCION VARCHAR(100)
);

CREATE TABLE PRODUCTO(
NOMBRE VARCHAR(40),
REF VARCHAR(10) PRIMARY KEY,
PRECIO DECIMAL(10,2) CHECK (PRECIO > 0),
DESCUENTO INT DEFAULT 0 CHECK (DESCUENTO >=0 AND DESCUENTO <100)
);

CREATE TABLE COMPRA(
ID INT PRIMARY KEY,
FECHA DATE,
TOTAL DECIMAL(10,2) CHECK (TOTAL >=0),
METODO_PAGO ENUM('EFECTIVO','TARJETA'),
DNI CHAR(9),
NSS CHAR(12),
FOREIGN KEY (DNI) REFERENCES CLIENTE(DNI),
FOREIGN KEY (NSS) REFERENCES TRABAJADOR(NSS)
);

CREATE TABLE ESTA(
ID INT,
REF VARCHAR(10),
CANTIDAD INT CHECK (CANTIDAD >0),
PRIMARY KEY(ID,REF),
FOREIGN KEY(ID) REFERENCES COMPRA(ID),
FOREIGN KEY(REF) REFERENCES PRODUCTO(REF)
);

INSERT INTO TRABAJADOR VALUES
('111111111111','Carlos','Lopez','600111111','carlos@okapi.com'),
('222222222222','Laura','Perez','600222222','laura@okapi.com'),
('333333333333','Mario','Sanchez','600333333','mario@okapi.com'),
('444444444444','Ana','Garcia','600444444','ana@okapi.com'),
('555555555555','David','Martinez','600555555','david@okapi.com');

INSERT INTO CLIENTE VALUES
('12345678A','Juan','Gomez','611111111','juan@gmail.com','Madrid'),
('23456789B','Lucia','Fernandez','622222222','lucia@gmail.com','Barcelona'),
('34567890C','Pedro','Lopez','633333333','pedro@gmail.com','Valencia'),
('45678901D','Sara','Ruiz','644444444','sara@gmail.com','Sevilla'),
('56789012E','Miguel','Torres','655555555','miguel@gmail.com','Bilbao');

INSERT INTO PRODUCTO VALUES
('Jeans','P001',29.99,10),
('Tanga','P002',49.99,0),
('Taparabos','P003',19.99,5),
('Pantalon','P004',59.99,15),
('Sudadera','P005',39.99,20),
('Camiseta','P006',24.99,0),
('Camisa','P007',34.99,10);

INSERT INTO COMPRA VALUES
(1,'2026-03-01',79.98,'TARJETA','12345678A','111111111111'),
(2,'2026-03-02',49.99,'EFECTIVO','23456789B','222222222222'),
(3,'2026-03-03',59.99,'TARJETA','34567890C','333333333333'),
(4,'2026-03-04',89.98,'EFECTIVO','45678901D','111111111111'),
(5,'2026-03-05',39.99,'TARJETA','56789012E','444444444444');

INSERT INTO ESTA VALUES
(1,'P001',2),
(1,'P003',1),
(2,'P002',1),
(3,'P004',1),
(4,'P005',2),
(5,'P006',1),
(5,'P007',1);


-- Procedimiento Aitor:
DELIMITER //
CREATE PROCEDURE MediaCompraMes(P_MES INT, P_AÑO INT)
BEGIN
	DECLARE V_MEDIA DECIMAL(10,2);
    DECLARE V_NUMCOMPRAS INT;
    
    IF P_MES < 1 OR P_MES > 12 THEN
		SELECT 'El mes tiene que ser entre 1 y 12' AS MENSAJE;
	 ELSE
		SELECT COUNT(*), AVG(TOTAL) INTO V_NUMCOMPRAS, V_MEDIA FROM COMPRA WHERE MONTH(FECHA) = P_MES AND YEAR(FECHA) = P_AÑO;
        
	IF V_NUMCOMPRAS = 0 THEN
		SELECT CONCAT('No hay compras registradas en ', P_MES, '/', P_AÑO) AS MENSAJE;
	ELSE
		SELECT CONCAT('En', P_MES, '/', P_AÑO, 'se realizaron ', V_NUMCOMPRAS, ' compras en una media de ', V_MEDIA, '€') AS MENSAJE;
        END IF;
	END IF;
END//
DELIMITER ;

CALL MediaCompraMes (3, 2026);

-- Función Aitor:
DROP FUNCTION IF EXISTS AhorroCliente;
DELIMITER //

CREATE FUNCTION AhorroCliente(P_DNI VARCHAR(40))
RETURNS DECIMAL(10,2)
DETERMINISTIC
BEGIN
    DECLARE V_A DECIMAL(10,2);
    DECLARE V_E INT;

    SELECT COUNT(*) INTO V_E FROM CLIENTE WHERE DNI = P_DNI;

    IF V_E = 0 THEN
        RETURN -1;
    END IF;

    SELECT SUM(PR.PRECIO * (PR.DESCUENTO / 100.0) * E.CANTIDAD) INTO V_A FROM COMPRA C
    JOIN ESTA E ON E.ID = C.ID JOIN PRODUCTO PR ON PR.REF = E.REF
    WHERE C.DNI = P_DNI;

    IF V_A IS NULL THEN SET V_A = 0;
    END IF;

    RETURN V_A;
END //
DELIMITER ;

SELECT AhorroCliente ('12345678A');




– Procedimiento Ekaitz:
DELIMITER //
CREATE PROCEDURE VerProductos()
BEGIN
	DECLARE P_REF VARCHAR(10);
    DECLARE P_NOMBRE VARCHAR(30);
    DECLARE P_PRECIO DECIMAL(10,2);
    DECLARE P_DESCUENTO INT;
    
    DECLARE FIN BOOLEAN DEFAULT 0;
    DECLARE C CURSOR FOR SELECT REF, NOMBRE, PRECIO, DESCUENTO FROM PRODUCTO;
    DECLARE CONTINUE HANDLER FOR NOT FOUND SET FIN = 1;
    
    OPEN C;
		FETCH C INTO P_REF, P_NOMBRE, P_PRECIO, P_DESCUENTO;
        WHILE FIN = 0 DO
			SELECT CONCAT('Referencia: ', P_REF, 'Nombre: ', P_NOMBRE, 'Precio: ', P_PRECIO, 'Descuento: ', P_DESCUENTO);
            FETCH C INTO P_REF, P_NOMBRE, P_PRECIO, P_DESCUENTO;
		END WHILE;
	CLOSE C;
END //


-- Funcion Ekaitz:
DELIMITER //

CREATE FUNCTION PRODUCTO_MAS_VENDIDO()
RETURNS VARCHAR(30)
DETERMINISTIC
BEGIN
    DECLARE nombre_producto VARCHAR(30);

    SELECT P.NOMBRE INTO nombre_producto
    FROM PRODUCTO P
    JOIN ESTA E ON P.REF = E.REF
    GROUP BY P.REF, P.NOMBRE
    ORDER BY SUM(E.CANTIDAD) DESC
    LIMIT 1;

    RETURN nombre_producto;

END //
-- Procedimiento Irati:

Create procedure COMPRA_COMPLETA (IN id_compra INT, IN fecha_compra DATE, IN metodo ENUM('EFECTIVO', 'TARJETA'), IN dni_cliente CHAR(9), IN nss_trabajador CHAR(12))
BEGIN
    DECLARE duplicado BOOL DEFAULT 0;
    DECLARE CONTINUE HANDLER FOR 1062 SET duplicado = 1;

    IF NOT EXISTS (SELECT 1 FROM CLIENTE WHERE DNI = dni_cliente) THEN
        SELECT 'Error: el cliente no existe' AS MENSAJE;

    ELSEIF NOT EXISTS (SELECT 1 FROM TRABAJADOR WHERE NSS = nss_trabajador) THEN
        SELECT 'Error: el trabajador no existe' AS MENSAJE;

    ELSE
        INSERT INTO COMPRA (ID, FECHA, TOTAL, METODO_PAGO, DNI, NSS)
        VALUES (id_compra, fecha_compra, 0, metodo, dni_cliente, nss_trabajador);

        IF duplicado = 1 THEN
            SELECT 'Error: ya existe una compra con ese ID' AS MENSAJE;
        ELSE
            SELECT 'Compra creada correctamente' AS MENSAJE;
        END IF;
    END IF;
END //

DELIMITER ;
CALL COMPRA_COMPLETA(6, '2026-03-18', 'TARJETA', '23456789B', '222222222222');






-- Función Irati:

DELIMITER //
Create function NIVEL_CLIENTE(DNI_CLIENTE char(9)) returns VARCHAR(10) DETERMINISTIC
BEGIN 
	DECLARE cliente_total DECIMAL(10,2) default 0;
    
    Select  SUM(TOTAL) INTO cliente_total FROM COMPRA WHERE DNI=DNI_CLIENTE;
      IF cliente_total < 100 THEN
        RETURN 'BRONCE';
    ELSEIF cliente_total BETWEEN 100 AND 300 THEN
        RETURN 'PLATA';
    ELSE
        RETURN 'ORO';
    END IF;    
END //
DELIMITER ;


– Procedimiento Mikel:
DELIMITER //

CREATE PROCEDURE ALTATRABAJADOR_VALIDADO (
    IN P_NSS CHAR(12),
    IN P_NOMBRE VARCHAR(50),
    IN P_APELLIDO VARCHAR(50),
    IN P_TELEFONO CHAR(9),
    IN P_CORREO VARCHAR(100)
)
BEGIN
    DECLARE EXISTE INT;
    DECLARE TOTAL_TRABAJADORES INT;

    -- COMPROBAR SI EL TRABAJADOR YA EXISTE
    SELECT COUNT(*) INTO EXISTE
    FROM TRABAJADOR
    WHERE NSS = P_NSS;

    IF EXISTE > 0 THEN
        SELECT CONCAT('EL TRABAJADOR CON NSS ', P_NSS, ' YA EXISTE') AS MENSAJE;
    ELSE
        -- INSERTAR EL TRABAJADOR
        INSERT INTO TRABAJADOR ()
        VALUES (P_NSS, P_NOMBRE, P_APELLIDO, P_TELEFONO, P_CORREO);

        -- CONTAR TOTAL DE TRABAJADORES
        SELECT COUNT(*) INTO TOTAL_TRABAJADORES
        FROM TRABAJADOR;

        -- MENSAJE SEGÚN PLANTILLA AMPLIA O REDUCIDA
        IF TOTAL_TRABAJADORES > 5 THEN
            SELECT CONCAT('SE HA AÑADIDO EL TRABAJADOR. NÚMERO ACTUAL DE TRABAJADORES: ', TOTAL_TRABAJADORES, ' (PLANTILLA AMPLIA)') AS MENSAJE;
        ELSE
            SELECT CONCAT('SE HA AÑADIDO EL TRABAJADOR. NÚMERO ACTUAL DE TRABAJADORES: ', TOTAL_TRABAJADORES, ' (PLANTILLA REDUCIDA)') AS MENSAJE;
        END IF;
    END IF;
END;
//
DELIMITER ;

CALL ALTATRABAJADOR_VALIDADO('666666666666','Luis','Ramirez','600666666','luis@okapi.com');


-- Funcion Mikel:

DELIMITER //

CREATE FUNCTION TOTALFINALCOMPRAAVANZADO(P_ID INT)
RETURNS DECIMAL(10,2)
DETERMINISTIC
BEGIN
    DECLARE V_TOTAL DECIMAL(10,2);
    DECLARE V_EXISTE INT;

    -- COMPROBAR SI LA COMPRA EXISTE
    SELECT COUNT(*) INTO V_EXISTE 
    FROM COMPRA 
    WHERE ID = P_ID;

    IF V_EXISTE = 0 THEN
        RETURN -1;
    END IF;

    -- CALCULAR TOTAL CON DESCUENTOS DE PRODUCTOS
    SELECT SUM(E.CANTIDAD * P.PRECIO * (1 - P.DESCUENTO/100))
    INTO V_TOTAL
    FROM ESTA E
    JOIN PRODUCTO P ON E.REF = P.REF
    WHERE E.ID = P_ID;

    SET V_TOTAL = IFNULL(V_TOTAL,0);

    -- APLICAR DESCUENTO ADICIONAL SI SUPERA 100€
    IF V_TOTAL > 100 THEN
        SET V_TOTAL = V_TOTAL * 0.95;
    END IF;

    RETURN V_TOTAL;

END;
//
DELIMITER ;

-- INSERTAMOS UNA COMPRA DE PRUEBA
INSERT INTO COMPRA (ID, FECHA, TOTAL, METODO_PAGO, DNI, NSS)
VALUES (7, '2026-03-18', 0, 'TARJETA', '12345678A', '111111111111');

-- INSERTAMOS PRODUCTOS QUE SUPEREN 100€
INSERT INTO ESTA (ID, REF, CANTIDAD) VALUES
(7, 'P004', 2),  -- 59.99 * 2 = 119.98 antes de descuentos
(7, 'P005', 1);  -- 39.99 * 1 = 39.99 antes de descuentos
SELECT TOTALFINALCOMPRAAVANZADO(1) AS TOTAL_FINAL;
SELECT TOTALFINALCOMPRAAVANZADO(7) AS TOTAL_FINAL;
